x,value
0.00390625,1.0
0.01171875,1.0
0.01953125,1.0
0.02734375,1.0
0.03515625,1.0
0.04296875,1.0
0.05078125,1.0
0.05859375,1.0
0.06640625,1.0
0.07421875,1.0
0.08203125,1.0
0.08984375,1.0
0.09765625,1.0
0.10546875,1.0
0.11328125,1.0
0.12109375,1.0
0.12890625,1.0
0.13671875,1.0
0.14453125,1.0
0.15234375,1.0
0.16015625,1.0
0.16796875,1.0
0.17578125,1.0
0.18359375,0.9999999999999859
0.19140625,0.9999999999999513
0.19921875,0.9999999999999795
0.20703125,1.0000000000016342
0.21484375,1.0000000000078009
0.22265625,0.9999999995866377
0.23046875,0.9999999977602706
0.23828125,0.9999999964499211
0.24609375,1.0000001096678823
0.25390625,1.0000003786531741
0.26171875,0.9999999000101506
0.26953125,0.9999834748327352
0.27734375,0.999945594115932
0.28515625,0.9999168920653168
0.29296875,0.9999129797633284
0.30078125,0.9998626766598899
0.30859375,0.9961588765854926
0.31640625,0.9827696836525227
0.32421875,0.9603070286001746
0.33203125,0.9326732657166704
0.33984375,0.9030328997093345
0.34765625,0.8728215988959628
0.35546875,0.8424950352843846
0.36328125,0.8122258128974106
0.37109375,0.7821119089762527
0.37890625,0.7522403800795192
0.38671875,0.7225976429485036
0.39453125,0.6932092368221386
0.40234375,0.6642413272862844
0.41015625,0.6365337041225807
0.41796875,0.6111386889151286
0.42578125,0.5895311906253662
0.43359375,0.5747954204916581
0.44140625,0.5747570358721422
0.44921875,0.5910826938498226
0.45703125,0.5896789362659812
0.46484375,0.368254246811668
0.47265625,-0.14684259015182685
0.48046875,-0.427725634007458
0.48828125,-0.5146146453539503
0.49609375,-0.5453371264152373
0.50390625,-0.5517720065158571
0.51171875,-0.5426182103489944
0.51953125,-0.5283339039673061
0.52734375,-0.5243450522039392
0.53515625,-0.5289425193464047
0.54296875,-0.5368501236295399
0.55078125,-0.5405584371040939
0.55859375,-0.539003327653308
0.56640625,-0.5392475500653435
0.57421875,-0.5399168020906941
0.58203125,-0.5382437914512981
0.58984375,-0.5342180893399994
0.59765625,-0.5271906571561069
0.60546875,-0.525973523570052
0.61328125,-0.5319351775542097
0.62109375,-0.5386031571643505
0.62890625,-0.5417008845069676
0.63671875,-0.5445088798177349
0.64453125,-0.6169369764197445
0.65234375,-0.7725148242403891
0.66015625,-0.8797732648133789
0.66796875,-0.9084189306792035
0.67578125,-0.9110351968140902
0.68359375,-0.9093741101673293
0.69140625,-0.9067328560453328
0.69921875,-0.904304130789101
0.70703125,-0.9030301719616984
0.71484375,-0.9027154523212706
0.72265625,-0.9026176369951853
0.73046875,-0.9024151605547494
0.73828125,-0.9004380105051407
0.74609375,-0.8947426619016802
0.75390625,-0.8875066451856176
0.76171875,-0.8833108280058654
0.76953125,-0.8836422427201794
0.77734375,-0.8878872391577989
0.78515625,-0.8949834366660293
0.79296875,-0.9042519792402459
0.80078125,-0.9150734284290869
0.80859375,-0.9265846002105819
0.81640625,-0.9377709528282784
0.82421875,-0.9478336733964754
0.83203125,-0.95658094279144
0.83984375,-0.9645617043369784
0.84765625,-0.9727388261699687
0.85546875,-0.9817821135312218
0.86328125,-0.9913304490888118
0.87109375,-0.9997209215352303
0.87890625,-1.0047306857757403
0.88671875,-1.0053640499694267
0.89453125,-1.0030492652113825
0.90234375,-1.0005549233357132
0.91015625,-0.9996987636817347
0.91796875,-0.9998072772774774
0.92578125,-0.9999811908936745
0.93359375,-1.0000007303789036
0.94140625,-1.0000002651680029
0.94921875,-1.0000000186126226
0.95703125,-0.9999999903551737
0.96484375,-0.9999999964290339
0.97265625,-0.9999999999470404
0.98046875,-1.0000000000224663
0.98828125,-1.0000000000088995
0.99609375,-0.999999999999874
